"V1","V2","V3","V4","V5","V6","V7","V8",""
0.493778042279628,0.328308511719941,-0.191334412648611,-0.0200618416101234,0.116817385743823,-0.0965439290521872,0.445749480831486,0.0618887620712103,0.028524462
0.336293234991588,0.257481226211794,0.0119799363873108,0.0924799608575382,0.287472709369441,-0.0219993833460801,0.237137693685247,0.0384571050314406,0.008772644
-0.491515564876402,-0.370195231167405,-0.611951929816172,-0.379985882315897,-0.503867198292297,0.213151836776849,-0.694819001614352,-0.452025082746744,-0.020015412
-1,-1,-0.0597061541161881,-0.270232264946904,0.0338721494687662,-0.813994143444325,0.396326624033795,-0.253304015689176,-0.019423778
0.0989343431491259,0.0184066831571676,-0.466211976863689,-0.416644054384931,-0.199033984153953,-0.176659008891033,-0.250506264848459,-0.346998311511466,-0.007802212
-0.496536891424544,-0.54294243107821,-0.487241662948386,-0.302572854111837,-0.052861589013395,-0.974765489333099,-1,-0.372246621225492,-0.022629745
0.184104411655578,-0.0887528872063669,-0.0863690230752814,-0.377120361955623,-0.0740891969620915,-0.0965439290521872,-0.0237842771032689,-0.36825793636953,-0.004827138
-0.679162777993126,-0.469468814459072,-0.670068174439643,-0.9110772095626,-0.926368446358565,-0.0443871460153223,-0.769674489489608,-0.937914749501941,-0.008676646
-0.0413220859510091,-0.272156072187708,-0.0933534920191873,-0.410854549428734,-0.229944444406399,-1,0.430846053544906,-0.365672523264674,-0.023428729
0.284622998289498,0.262502242136788,0.00784366657619273,0.0625637953004818,0.162372489324763,0.359292243267169,-0.00177382044221752,-0.00952860549120982,0.010916893
-0.397443040515405,-0.564391254925174,-1,-0.267062417841394,-0.135148418495928,-0.0385387746649815,-0.308090528374828,-0.365236787629223,-0.004029004
-0.260453451719031,-0.405896760939755,-0.11501740331462,-0.379995425663309,-0.036602220717162,-0.515815906893478,-0.779835029275594,-0.417763128622602,-0.024107193
-0.0382297961303879,-0.0693113625546463,0.579308633686086,0.0305802100018091,-0.104285761787616,-0.464772765054203,0.485563799299418,-0.214940291210781,-0.005092242
-0.109589440170001,-0.031394037257488,-0.364200504216137,-0.236356472889507,0.0066243195366178,0.240461906433777,-0.373215751645213,-0.270415486322753,-0.003227249
0.034910973421018,-0.193813314667763,-0.0275460251593995,-0.232737782924755,0.0441442807976757,-0.791557203193573,0.0219313515831054,-0.219799515172035,-0.008077319
0.66269560886596,0.580088133268618,-0.0246980706682184,0.565719462177917,0.763520375495032,-0.243066581099585,0.0827455266146424,0.408888135215731,0.010319685
-0.152589182400398,0.0323332149685105,0.0622060651481904,-0.0738187447662109,-0.0233625412417325,0.76573191683154,-0.000837174157164888,-0.202912644663364,0.006344498
0.475682157187186,0.301273084782457,0.423305590214023,0.734574185363869,0.494479499108644,0.00363795009609125,0.573841275091572,0.360115487033097,0.022104103
-0.364441273044996,-0.304572810865696,-0.664336498854376,-0.423530307424829,-0.42851768457209,0.220857225956562,-0.335277360883231,-0.556216875268499,0.000408697
-0.185247414635844,-0.338957892590193,-0.490995835188668,-0.427535529918358,-0.142022389331086,-0.663643770637157,-0.229670160726456,-0.281620168735613,0.002242539
-0.446645264218722,-0.470062480266984,-0.123708818295904,-0.340512584512093,-0.289288140741547,-0.367573328927289,-0.361444174808656,-0.498055058033739,-0.019091385
0.18157526710383,0.15593706059002,0.141202764476251,0.372574134106568,0.442943264783089,-0.207126186155073,0.38426542026668,0.151035470705354,0.012718686
0.231869792262434,0.164871604742325,-0.237626264018331,0.418161015285639,0.333300538542211,0.385352027536079,0.078099901128003,0.16670427695966,0.015165589
-0.266921517691367,-0.243058062855541,0.149736907523287,0.0111829340362029,0.0440853110456585,-0.296573312030331,0.325682185242332,-0.228759318387042,0.002072505
0.506790203638901,0.375603423729655,0.317846252927259,0.467214989187621,0.324033993665203,0.187231239748831,0.583324516962174,0.172861852253978,0.032338114
0.12170510707617,0.145845356952601,-0.0908134271447999,0.0261769346674656,0.11219497515319,-0.336713357819387,-0.347375830571442,-0.0601710743124927,0.007895394
-0.669623404244791,-0.559622558299279,-0.936501411696237,-0.691575007098202,-0.379224031870754,-0.148509428131258,-0.449003669588171,-0.578298273160619,-0.002139095
-0.388494854172617,-0.451566133220662,0.0142097304665991,0.0381802011881414,0.138216367400882,-0.647148667795703,-0.234106675433225,-0.138364940609269,-0.007925997
-0.278441651346991,-0.310542382034469,-0.0866774509036099,-0.552296249802348,-0.10202134233265,-0.0965439290521872,-0.228717125596542,-0.400572648322459,-0.014772748
0.0557326792363906,0.0189579288485475,-0.278895280703574,-0.0357259793316617,-0.014386698219669,0.0747184133499836,0.400876330575717,-0.104970711831264,0.017764444
-0.226697550528511,-0.351592591028272,-0.875517576015285,-0.879275918374653,-0.207719410658581,-0.163960483395568,-0.0165203636412661,-0.376915286368914,-0.006850441
-0.67868131936164,-0.632793439240678,-0.11501740331462,-0.0594828576858293,-0.426277043242938,-0.34003619351801,-0.914657742521285,-0.691318882366923,-0.038322771
-0.0915418168299068,-0.216401233569651,-0.13052469655389,-0.109164607717919,-0.0864320796668415,-0.358622077834662,-0.158483563986207,-0.2143281518649,-0.003342261
0.324533073454852,0.269464461298296,-0.31231143228821,-0.0157266816932753,0.0977286867907983,-0.0414602740192392,-0.0605318584778364,-0.112953726323824,0.006764498
-0.597933567476788,-0.622953882243526,-0.302226506096094,-0.935579241828316,-0.579414146546758,-0.43446927427778,-0.524485044728541,-0.811965469375032,-0.027294442
0.212433526583911,0.233238901182797,-0.690991098927162,-0.41306044655605,-0.146020196112851,-0.193930046573731,-0.297945187372354,-0.36721182214546,0.00967787
-0.0251052069985822,-0.130616955973444,0.526270659535179,-0.246271633429638,-0.127464926123075,-0.359713476295094,-0.0845117476651038,-0.320386675068931,-0.011881112
0.0244594906747431,0.0242305950196691,-0.289773677482968,-0.289493112381057,0.204538277874754,0.371963726465445,-0.0845117476651038,-0.174470839145235,0.006099364
-0.0411718264541238,-0.0945782342954006,-0.374429948360071,0.385464105205862,0.369071418913433,-0.104442500523139,-0.107650671499766,0.203519398163501,-0.002331164
-0.141258222615117,-0.188531001184461,-0.503940442359649,-0.515975240063713,-0.377235724012734,0.166830691929199,-0.0831754787791066,-0.472543825830863,-0.006150131
-0.260153588414154,-0.423838009844532,-0.893660474831092,-0.695618079478076,-1,-0.791994106426823,-0.974760736890747,-1,-0.035364882
-0.0179756881689395,-0.0413242401408948,-0.219844570380145,-0.15346385589265,-0.563335549074209,-0.221030869740362,0.0244581068398657,-0.507718542709942,0.001290307
0.0692500870102977,-0.0564341432061264,0.267853071904311,0.889985189659382,0.75397077580834,0.054515363843856,0.793997966389165,0.473602507028335,0.030311506
-0.63882446173679,-0.553953953055229,-0.823879359590902,-0.985737799782872,-0.572331346699456,0.250174872775618,-0.548092631723258,-0.804045479635069,-0.008671838
0.0699451629841694,-0.293382608580984,-0.0951967197409566,-0.201468025634546,0.0470473046219884,-0.735128041650653,-0.205043745210109,-0.350164325692415,-0.002097647
-0.160190522759636,-0.26319009333699,-0.279323289349273,0.0656672882842524,0.105668982922436,-0.315258411132694,-0.252113765716736,-0.160380655350573,-0.005558364
0.119887476466392,0.150323868039532,0.891580222011279,0.865306398783886,0.948741208846437,-0.17519027188639,0.84030320247039,0.713735428320301,0.024909954
-0.0729211976389434,0.177839135450615,-0.0751764249256396,0.0654776794044174,-0.0671520714247724,0.700648754559392,-0.08013007778564,-0.0891147301750406,0.01281572
0.115929174101969,-0.0562272655531021,0.536072877886555,0.132886691494706,0.136746118325585,-0.533694554549028,0.0668368885084394,0.0118824272290892,0.005419475
-0.00241765456682008,0.281803816014836,0.0107159547525235,-0.0713890013262558,0.254728422986759,0.803552843867814,-0.14410524276937,-0.0503880652903638,0.018689238
-0.048148264799777,-0.0252828642649723,-0.17246179684824,0.349232418323414,0.593645278756105,0.219746969523322,-0.263234821018258,0.303209607596169,0.010253879
-0.159966017931887,-0.232900889147657,0.40092008403537,-0.313534422027383,0.00873749108890953,0.464061588455762,0.308982156339142,-0.255422914431142,0.002688691
-0.0225678892085219,-0.0953267211188017,0.221665160598571,-0.0209902781147105,-0.215962050415562,-0.0447115819463582,0.184851056256801,-0.229893125227706,0.006012506
0.251638842927766,0.247509639164841,-0.328086069875319,0.151276362508742,0.102135971921572,-0.155519472097108,0.046694879167716,-0.0359832583401785,0.009847274
-0.00690918448823363,-0.0960859019985454,-0.440674981197662,0.0525321016819762,0.171874951254842,0.500941157008983,-0.243693588648188,-0.0990485256156649,-0.006654352
0.497046651418545,0.468102489591425,1,0.409760101812959,0.579112145326426,-0.0965439290521872,0.889470145075449,0.332586116285709,0.044121571
-0.00111891784982865,0.0425344922165292,-0.451422054362562,-0.0122510880224809,-0.157061578345577,0.488402073614094,-0.474729531782093,-0.225044552121656,0.002296045
0.271322059342239,0.074519734893588,0.0412322552064708,0.0940730348962651,-0.0118096249440074,-0.114085138983483,0.0473720240752131,-0.0343000261843593,0.008309652
-0.12717603797439,-0.0799228663938556,0.260958027622386,0.0934051084118874,0.163792614110845,0.230622253197691,0.233805657915471,-0.0785168185246441,0.016417645
0.120098913261989,-0.0166654620116148,-0.44976439545422,-0.296572245278622,-0.085148669592936,-0.115963898103442,-0.358959054698229,-0.385035122058153,-0.006730861
-0.38353220415624,-0.523685349222665,-0.693013502161702,-1,-0.632648234167896,-0.926954492998431,-0.601002504280098,-0.840472837207694,-0.038564463
0.320750693945673,0.305003206166579,0.097726395501778,0.365829539568174,0.850367887553585,-0.373854430759062,0.0292738260950092,0.427974657627871,0.007834221
0.0540044967906812,0.125550951631808,0.152800179247274,0.143128662259569,0.185133919545931,0.43087653496265,0.346162410018399,0.0693627105670405,0.015339491
0.427417141642746,0.480962745209802,0.346902499653343,1,0.840420888805799,0.675392824960413,0.613774344681243,0.64193444008493,0.038506193
-0.131429949290164,0.0317638508910567,0.0429350912648561,-0.0468956856772903,-0.401896988441396,-0.0349124563384426,0.168209425364087,-0.391488297424631,0.004311521
-0.0401966340851042,0.115045719303057,-0.251482601529284,-0.204253802430854,-0.128920375692866,0.123334822420711,-0.170516495295849,-0.271920070665749,0.004191931
-0.208439161330293,-0.463811065139019,-0.508787281872243,-0.172677148341397,-0.259747680985968,-0.147322145923047,-0.216667601431521,-0.34673639023753,-0.005565862
0.668910792405137,0.411076148177449,0.0760407600316677,0.087188884627831,0.018522627378659,-0.585381338878998,0.0534169746984627,-0.0783123807966254,-0.007501084
0.433150180364385,0.470550500452701,0.494092264005088,0.481616583383138,0.322696540666949,0.560213950417304,0.429792560236273,0.193983671962774,0.027695855
0.103674074189963,0.0722596092139298,-0.0737514854230625,-0.0594828576858293,0.0680277341972286,-0.000289791345664314,0.0837691663842963,-0.15730892799479,0.005385996
-0.25973085206017,-0.285000723764237,-0.11501740331462,-0.0594828576858293,0.0427366157495195,-0.175993965377066,-0.0845117476651038,-0.15730892799479,0.005879636
-0.20559990642862,-0.185308334895716,-0.445585949430101,0.202277916151323,0.0427366157495195,-0.261349036514739,-0.298025176495873,0.0224016917217678,0.007414113
0.0368557771791644,-0.164288309255448,0.088376535790692,-0.087980425318418,-0.0557539412148423,-0.299651155261711,-0.138875008145545,-0.255567123903392,0.00271128
0.580714048713248,0.314687175974679,0.136463094296846,0.174691028286518,0.444004035509378,-0.0713666907471456,0.19555897326063,0.182399511835228,0.00243869
-0.09133570178836,-0.155320452739943,-0.034170397967635,0.201331884661583,0.228624206771234,0.212346030047055,-0.175995180727562,0.101640084108612,-0.005525922
-0.523431542034732,-0.555897551933025,-0.828266011931791,-0.807033569254706,-0.436869380325302,-0.0620566546334115,-0.59149811331924,-0.729469676052858,-0.008357848
0.0179385578792179,-0.236636988843801,0.227960050090858,0.00182542129924879,0.0265237194223764,-0.530005788215671,0.0886942352765228,-0.155459942983745,-0.007276574
0.0958242582368802,0.108282090170686,-0.240784163115802,0.307207596058824,0.24771528353684,-0.0637427687263139,-0.0845117476651038,0.0886199228596707,-0.000966672
0.322434777501085,0.361626583451441,0.317693009424802,0.250382515696111,0.625072713508737,-0.136212812061953,0.614466280351218,0.183322752822108,0.022915147
-0.114893749846132,-0.169615028431838,-0.280030140498327,0.016294412016034,0.093018392247159,-0.0588451221646072,-0.434118722254251,-0.136700714274488,-0.01873672
-0.240008904255187,-0.31506860091463,-0.159774666813626,-0.394344055179311,-0.282316318163041,-0.580316012165918,-0.0841411285593183,-0.436820046145478,-0.013223984
0.741210816308047,0.701998541076043,0.233675269450712,0.31549708061634,0.470680581701983,0.59518345525753,0.42931019436983,0.209074552801533,0.025812429
0.391140436873159,0.351205533093961,-0.130519526461268,0.186716508700603,0.28680035908394,-0.0965439290521872,-0.0618479813252852,0.0733913231832755,0.016444765
0.196543104458034,0.0827353708384715,0.515980691057739,0.434831733531624,0.455986689119305,1,1,0.112697622453784,0.047804531
0.343252625425985,0.372724661458658,-0.176975776990713,-0.241576180696292,0.0427366157495195,-0.0965439290521872,0.00463477892748854,-0.0757895608862136,0.004035826
0.269736771329787,0.0818790909486651,0.166395027499511,0.0427342829784747,0.302374023299215,-0.0965439290521872,0.191384782076901,0.0624173862834128,0.011737376
-0.452041583820184,-0.211993383109292,-0.331775134829329,-0.34382394633986,0.0522530592175772,-0.0965439290521872,-0.566997589292726,-0.247661945239223,-0.00246741
-0.0685525712637952,-0.149680616773603,0.272885349754809,0.346661232050824,0.314957445524694,-0.00684045652662835,0.363937625348524,0.13336882640203,0.010330863
-0.334145365907683,-0.284515541658054,-0.469702066644223,-0.232174042476055,-0.0710019211964757,-0.0602233301544903,-0.224010993990751,-0.361602481065796,-0.005579355
0.341338456062932,0.135057471326386,-0.130989548225564,-0.10681264884971,-0.000198747086799234,-0.389519764888179,-0.302685558743239,-0.228398708394784,-0.002245018
-0.150668074933926,-0.0934053952302006,-0.559665038016816,-0.534061824428504,-0.366103547384402,-0.0160655690819076,-0.650200898506519,-0.579251101774437,-0.010673606
0.0716495423981516,-0.176078641263056,0.0529438034417551,-0.0182450111207855,0.179268616807779,-0.576026208391542,0.18127041667125,-0.0814662768246515,-0.011305019
0.12704572361876,0.119808124672798,-0.302179225028232,-0.0631623123541563,-0.0205938923620171,0.237649668705444,-0.236125903526453,-0.114084046174616,0.008160491
0.0310424089436638,0.00369247096779524,0.373231400200365,0.369575564027109,0.468427880107418,-0.539460330485705,0.746830394853685,0.21115726970799,0.027348038
0.601845254935388,0.575520163324895,-0.227274662165435,0.620107628110812,0.136196691439289,0.499616299352428,-0.156681335079505,0.145745879692065,0.023405287
-0.234395322900972,-0.216021340976825,-0.390640586218699,-0.559543694279028,-0.487792861859894,-0.251469500367502,-0.473093282431803,-0.517555686386725,-0.017031881
0.077138420873786,0.00655171199971738,-0.139454049961883,0.00670058011690466,0.129214596710431,-0.170813914852205,0.0779736526197663,-0.171285611995335,0.00213008
0.118857816173395,-0.0554700702499145,0.308411372103113,-0.0605791744317944,0.243865072337624,0.137173959775729,-0.00133835999379595,-0.129161324300407,0.000841483
-0.288875857453326,-0.323751581150223,-0.11501740331462,0.184228660473112,0.0427366157495195,-0.166018366393989,0.254997046352736,-0.0376760020376795,-0.005331499
0.0827910690872475,-0.0201042971567256,-0.427398688936273,-0.00488011920162124,0.0621299600504659,0.147903823944688,-0.1005885414399,-0.0952313937564981,0.016360679
-0.115599027119315,-0.188005028429464,0.134537161402561,-0.305145963431834,-0.0812902596959398,-0.0726151494369429,0.32061067080069,-0.318195412655949,0.008582894
-0.0592633504529891,0.10250446166606,0.104890105196217,-0.0305776040029868,0.174084719065438,0.0376932999297088,-0.034263923339512,-0.110225501995132,0.007760751
0.377546908193178,0.311040265355904,0.300709662896587,0.659767443540676,0.419187262137896,0.193077587404085,0.322199980731207,0.239526711555101,0.029978301
-0.170238619598603,-0.198298203340262,-0.0827028239567806,-0.05424136732337,-0.0809295550386002,-0.047461622391158,-0.236835197091245,-0.1495248963352,-0.006630541
-0.392410719741846,-0.305877712354229,-0.340650145181746,-0.375038402537819,-0.359180289250058,-0.0277303445637277,-0.697710391668401,-0.488744311729092,-0.013026704
-0.343760235370355,-0.371814458057706,0.0712071637847178,-0.0230028460742173,0.057919386598922,-0.230713229932603,0.35909438167447,-0.136617319977092,-0.001283652
0.161258167262776,0.0674961247264949,-0.156082339971526,-0.016137099549191,0.265607733513941,0.0859827300189371,-0.123669254273727,-0.0493268120063034,0.007195201
-0.539459308111132,-0.553042098604207,-0.131507095699328,-0.317296621651422,-0.100946989540897,0.0815455188616756,0.00734988689401939,-0.331454139251611,-0.010536916
0.0168735056344986,-0.0138311593895898,-0.0579819363813743,-0.0841346360356008,0.0410093726904306,-0.240180021825999,-0.235119349637593,-0.118511453048445,-0.005148888
0.209169354781466,0.202452558263237,-0.171879207325966,0.131241371672692,0.18043174761007,0.274117280992293,-0.0034699638801079,0.00778069139948867,0.019623396
0.0961887602678881,-0.0165972078174998,-0.0156389593520142,0.138953672422066,0.150048020400643,-0.114764043913359,-0.037785484879531,-0.025978255804386,0.002888594
-0.010686836937941,0.00787806634799737,-0.0922492124252755,-0.193775404669382,-0.0422931822368499,0.178523440966124,-0.0845117476651038,-0.215312984831309,-0.002180222
-0.106672798730202,-0.203821170860395,-0.507349735172199,-0.706684857856423,-0.460625344925493,-0.267240621814163,-0.575290123781171,-0.616620533531719,-0.021109333
-0.119138496765963,-0.130227135497838,-0.323809245306412,-0.0566162949260269,0.05416603797302,-0.615570123752447,-0.357216651875621,-0.190075878366923,-0.009452694
-0.0256746041848214,-0.111689781979162,-0.137566509490414,-0.396066135145949,-0.178717306693919,0.0642675325622166,-0.137716432419808,-0.451407505768142,-0.013276347
0.434496202924673,0.177931238145757,0.0215879256123812,0.080381512476426,0.0534041868219572,-0.34785412163516,-0.132204748286979,-0.0445394165839564,-0.009827668
-0.00691993473638686,0.01531211892982,-0.0643052532283641,-0.0521281898369138,0.329398167646211,0.0551444464752036,0.0720722233951883,0.0244717380808666,0.007504972
-0.228134835833761,-0.239488158075375,-0.621888081292514,-0.610263009262942,-0.453478610453503,-0.0234751047850958,-0.71797382126846,-0.648435483881687,-0.011895017
-0.267469185652615,-0.353028821140106,-0.0774392945501582,-0.00690704711325973,0.0247569285844345,-0.608003241278996,0.024708937770451,-0.164163573279407,-0.014676581
0.315257667856567,0.262978532313176,-0.00895354030817874,0.425904570048475,0.266270344279109,-0.0203609424949759,-0.133043724537044,0.205303597664687,0.016991546
0.189305000497752,0.130450448113334,0.231029388926692,-0.19171344853909,-0.0794344245324516,0.283625084051623,0.534857942461792,-0.269373808516491,0.013359036
0.127292018665816,0.140204193671497,-0.139138021934306,-0.149898400193498,-0.0092227741030112,0.0514902799552026,-0.0940849581736788,-0.199334975791875,0.009896025
-0.0161058311762884,-0.0368326717298725,0.0321645977434715,0.344643380204049,0.278988636034201,-0.267646095092734,0.129429372213567,0.120631094070433,0.003009271
-0.00674212105735494,-0.0160813895599983,-0.254746593536875,-0.342968963057253,-0.156770800400629,0.22091125682452,-0.305388579086641,-0.325725601810217,-0.006932094
0.0705246547296674,0.00123525523259316,-0.0440316401839953,0.298716065716748,0.448009013773888,-0.129862438968244,-0.0584350043829109,0.170622894033977,0.01104966
-0.13666565560964,-0.117797469421528,-0.597412275678733,-0.757817933563709,-0.429356196400775,-0.211826835849844,-0.256562368046635,-0.608699801511733,-0.004837023
-0.150817876973443,-0.210003554829506,-0.0732248535909685,-0.0986813933517269,0.0517194590518226,-0.205822048987157,-0.11452507788229,-0.159549646972053,0.000864074
-0.067473017620503,-0.190758310895059,-0.11501740331462,-0.276036902668676,-0.144078512403926,-0.344922324717404,-0.189305931910096,-0.339024774035936,-0.013954751
0.135615562220862,0.102000999306149,-0.439246649331471,-0.267887153565256,0.00687891668532781,-0.157843981400523,-0.480337355871033,-0.244706220714841,-0.002388698
-0.0745889499663094,-0.191956649511357,-0.142252456372981,-0.159586317636318,-0.171083729362774,-0.523027281657336,-0.180689717735639,-0.353598458322371,-0.007945176
-0.120629045357454,-0.0990894642307987,-0.0572664575383229,0.164796248454418,0.127547103325886,-0.344796801895554,-0.0696531006869936,-0.0586797474359426,0.003546083
-0.137071694769683,-0.182152293333368,-0.180743665470413,-0.269382403799913,-0.101897429763411,-0.103831469968325,-0.0845117476651038,-0.346349783182163,-0.003456886
0.0412069134342674,-0.0432812632427974,0.286650974157985,0.505056338639231,0.384859885206057,-0.559388085824694,-0.0962593702667965,0.189728957399264,-0.013401351
-0.176945112351263,-0.0646499194363104,-0.0285457286211533,0.164985318162083,0.203215548292004,0.317118563003131,-0.193389848440077,0.012044675832116,0.016832183
0.444339160631146,0.303114750202923,0.361209646407743,0.483795414067512,0.524961838961445,-0.0821635875772808,0.738452634971785,0.309420609789771,0.027435226
0.0457249758830383,0.0232346773003211,0.0253194114209987,0.045054358799022,0.10957964762872,0.047605465921633,0.120064558448053,-0.0775244591840543,0.006022186
-0.22408406608664,-0.185978974168706,-0.121259857955864,0.017250436163327,0.160124942827874,0.0012407310399718,-0.034158126885599,-0.046947269402533,0.010282347
0.158717311802401,0.181456845144604,0.0703671623638396,0.126374282465183,0.278787168729809,0.386197376909709,0.265447842101708,0.0301074387324873,0.023092409
-0.148352349493038,-0.144306599868706,-0.0559657796625257,0.167107535768592,0.203020377435327,-0.0965439290521872,-0.0592634740913528,-0.0207856790637875,0.001526131
0.0211447393359503,0.015991693297313,-0.123733315075458,0.0375967629828255,0.095724704392242,0.0349684750838766,-0.136006824287799,-0.109712810909921,-0.004710116
0.23061155577111,0.213191387199104,0.260468793337241,0.376361764684632,0.320509771059639,0.0315228207931233,0.288083454990188,0.155675894683273,0.016398626
0.140772692613054,0.0728103800935245,-0.065477298547341,-0.120965504950733,0.112693783165254,0.178588073847284,-0.0194521137759173,-0.149069671533581,0.003712147
0.119916829980853,0.0801011258456479,-0.0664575611560797,0.0166189756900568,0.0821821486614513,0.161116475445241,-0.055814591297996,-0.0953388862611313,0.009279397
0.010131392201433,0.00478706320903832,-0.157582596470096,-0.324291428021576,-0.196433018617474,-0.099029295251857,-0.10852670966041,-0.325000221605111,0.003495323
0.0908646731848701,-0.0907047737080485,-0.189607585403325,0.269447841328963,0.121121264561058,-0.0504786294082671,-0.316101936370922,-0.0400877216173029,-0.013102375
0.615630808969974,0.406664790584586,0.0778484005543774,0.245976508556105,0.391319165527029,-0.00474965714262321,0.148950951570505,0.192417478377922,0.010000404
0.113667931833637,0.0889354091730485,-0.10295609912891,-0.155355631313639,-0.052787838778372,0.237904797556931,0.00512729431714942,-0.198752648483171,0.010755726
0.638118742254818,0.457405498048534,0.133303335923164,0.25694285713156,0.346172703305068,-0.104084736303979,0.293696753361333,0.074199389930407,0.016159052
-0.0231513608331236,-0.0221347002617874,-0.0659659293831891,-0.0920669370028002,-0.00241030301245648,-0.0575942278771824,-0.0723721698577283,-0.201418227830441,-0.003348635
-0.325795976011332,-0.263630071202991,-0.16260494187136,-0.273117770622284,-0.0564741521119808,-0.309220421343525,0.0201354130006757,-0.264105191229416,-0.004860192
-0.0734567429799334,-0.16216884656714,-0.20701209061225,-0.00259722828840847,0.219566300681363,0.138696351563403,-0.275233325553166,-0.0340230521620628,0.001624173
0.269233979936362,0.0462290458814729,0.102709337294918,0.235877652057605,0.208693191489394,-0.0552162607876042,0.089919964464088,0.0339661037482544,-0.002621474
-0.0793577143014507,-0.0395232790398287,-0.169663031629452,-0.194444912725459,0.00490810952790643,0.095356754296813,0.065726731278724,-0.212155532764106,0.00419627
-0.398850560594563,-0.48023081205182,-0.322814923960007,-0.503815002551902,-0.163417585510516,0.00729657590880728,-0.407352525430038,-0.389378927486673,-0.006116571
0.0219888396718133,-0.132948767441482,0.0718758834620021,0.157758811538011,0.227125481012463,-0.352923191288713,0.165779371092359,0.0241615340808248,-0.006397762
0.153738223817925,0.273916231848782,-0.00319224677905683,0.111095131645535,0.198174014944533,0.0439599851725831,0.0531285378292536,-0.0214184641516856,0.013275554
-0.113692756520153,-0.162889287121686,-0.254756623842751,-0.368253729534777,-0.123996325309414,0.0394021940239515,-0.207137046121865,-0.301015565948684,-0.001426894
-0.055552913739254,-0.278933308994194,-0.515575858126918,-0.427126747551359,-0.237758374066214,-0.66085780512735,-0.516183567779103,-0.489665153252644,-0.02977241
-0.071238089992584,-0.0175218498131906,0.0496187488891233,0.109472600833912,0.2090938433981,-0.0680516453791702,0.0781949020253943,0.00913243510718309,0.002853029
0.427616105100769,0.214842296984887,-0.00350251757415609,-0.123810195292833,0.0585624993009231,-0.238074250680107,0.0391536304088012,-0.158035671923658,-0.003350004
0.249855643609237,0.201316074673132,0.0625802526404087,0.210132827939701,0.312181073509715,0.215598322958509,0.118621847074839,0.0877968724134832,0.013296568
0.148466271626307,0.0723896321048219,0.185915747844438,0.446603138046731,0.416169741882167,-0.348762903999943,0.182022807457747,0.245745171073579,0.006812872
0.141890626929541,0.0918923858944729,-0.123920547451811,0.127107987954318,0.219553403425922,0.493351404990162,-0.0709703965949148,0.0239554564318267,0.016065598
0.0445199569322186,-0.0893677037210718,-0.076419302144486,0.0616874787723423,0.122602927136746,-0.238755394210744,-0.189000256152205,-0.0717273557833855,-0.0014647
-0.408775204938423,-0.375714680763857,-0.113113683878226,-0.173426274154599,-0.0588990263599358,0.144677498802058,0.0173282112866202,-0.228196273096593,-0.001999212
0.0856302324974467,-0.0177534500525734,-0.0697111803595456,-0.228346854633108,-0.0399022441300558,-0.377713903832021,-0.102768512819604,-0.229051379682351,-0.006473657
0.005092819510508,-0.00603890448058086,-0.147479371085795,0.0943380919351093,0.196422404062111,0.00604272666837846,-0.0853957932385373,0.00223875970325071,0.005024977
-0.378237775559262,-0.357616452608205,-0.247272971855027,-0.253727216336399,-0.306101786661742,-0.167424046492407,-0.445416127646796,-0.26371906751918,-0.012832464
0.0739938131788178,-0.00863108546571134,-0.479895613709729,-0.495261305658608,0.0427366157495195,-0.0326014502748163,-0.288577993484142,-0.46747263776741,0.003596736
-0.437875486249544,-0.426865571654289,-0.168869642589377,-0.0846341251340248,0.034051626762406,-0.526158600583686,-0.215687041882696,-0.260612383953042,-0.008320949
0.076338587162589,0.0491530663485369,0.0235898768085987,-0.12182048823334,-0.0391760221227118,-0.21157256662105,0.0137356030840747,-0.18261380635145,0.008117162
-0.380600009165921,-0.279885209502823,0.0975306495975108,0.219749844242146,0.25921514608025,-0.144876035826316,0.201468137883976,0.0631786721268095,0.009702045
-0.0131497721599267,0.0304859489272156,0.0286044426067691,0.202554547419419,0.359626861475335,0.137195468251837,-0.0845117476651038,0.111695924194774,0.010025827
-0.19623715697016,-0.15766987540874,-0.11501740331462,0.000352744406115546,0.0970289060593588,0.0284557944806187,0.272720681023828,-0.107705098810375,0.013928806
-0.140382237500688,-0.179392503788081,0.011417913069443,0.241354167569031,0.260650203529343,-0.236819864175495,-0.0683574978973741,0.0299417376642404,-0.002746053
0.0640809712350581,-0.113522512305125,0.0540833440459174,0.00652367772787965,-0.0204687052852344,0.250071574782119,0.0982794314029685,-0.175171119928189,0.009233671
0.501674503635692,0.354041745754303,-0.137056448049817,0.0342338562955917,0.13329113762239,-0.215047716715425,-0.133957453640693,-0.0678913044148114,0.003606254
-0.0818356388765356,-0.142078124710999,-0.0119560756759343,-0.0715664788322624,0.0708046007972252,-0.51685621153015,0.061085815034851,-0.169370598586953,-0.008405198
-0.242581644494127,-0.130450998463358,-0.0639623472429267,-0.0315557881264728,0.130466029960743,-0.0692505504025304,0.029468758143951,-0.0831322984413474,0.008323168
0.201942793995442,0.187035462764191,0.133005215661199,0.166673520144029,0.349612123602731,-0.00362738390050088,0.241380925428087,0.0932099753700266,0.015813252
0.0413666270500963,0.0387492602917991,-0.164994601085928,0.0376162270981677,0.190286030689685,0.202649611442037,-0.133831749160501,-0.0633130248108565,0.005761581
0.0119789100259355,-0.0829305292733443,-0.0720613870376677,-0.145329581030514,0.0754931145776194,-0.222611303968556,0.0467850008135768,-0.163593105188735,0.000412402
0.073548783402422,-0.0333822252783794,-0.228845456993946,-0.0650924049440363,-0.080854834656044,0.200898918194391,-0.142584582377806,-0.195299561819156,-0.004004496
0.0861826580153244,0.00571857918443697,-0.270879892028895,-0.367336453894112,-0.181022852795292,-0.0965439290521872,-0.21144559523188,-0.402076697533346,-0.010152977
-0.164765736882278,-0.216463941098821,-0.214657287607621,-0.135957061334824,0.0535943167159616,-0.575467077556762,0.00303304135631488,-0.192420620121273,-0.00059241
0.00960418783312389,-0.0790757050485593,0.172891142868056,0.432506607465083,0.352734552949549,-0.549616593504567,0.184047118813022,0.146769000497768,-0.003191672
0.122632830618945,0.0657825505762499,-0.151421216057323,-0.131028308803456,0.0206289888757176,0.0649681787826799,-0.107262456486894,-0.178801179959396,0.008961924
-0.195398134411084,-0.151260304791613,-0.169390207309624,-0.180554669416109,-0.0526200222776311,-0.0380735217916993,-0.00612252562231841,-0.227252731614218,-0.000743823
-0.085160850740482,-0.154936524246944,-0.540648605570568,-0.44555430439655,-0.278992820984345,-0.371861628361954,-0.379721188006963,-0.457275799001652,-0.003233047
-0.35666652584604,-0.375078551674705,-0.188665796764605,-0.342059056102913,-0.181294227789576,-0.544993721754623,0.114808550495587,-0.437175114931057,-0.0087413
0.299706374126339,0.26142164605203,0.125798873089426,0.0746139158827432,0.178001547061933,-0.202448406005671,0.244944649141608,-0.0186423368680622,0.001991938
0.423744765382048,0.395193866623082,0.106993321708182,0.419498899136235,0.468417531867064,-0.0645293772159853,-0.00238962618761962,0.248755202875876,0.013076211
-0.184538675935241,-0.190353652551167,-0.0708522540511101,-0.113216917914308,-0.065307041041654,0.101552556485203,-0.0934660752696462,-0.227105035152095,0.004295981
0.208740198775748,0.159788928032325,0.00635945856702458,0.180389305311525,0.212139650112297,-0.0365743935431304,0.217320316079614,0.0307260169260042,0.00769598
0.0514556358263625,-0.0419600347035618,-0.0232800463683916,-0.0741395522074482,0.0696574298729806,0.235352398696085,-0.00178873021083104,-0.155727698923904,0.006176262
0.185250235622948,0.0801716030222117,-0.0436338692408879,0.163628994623267,0.21990294187538,0.0107151879023724,0.0673806785413593,0.0252413961524225,0.004343661
-0.332462974944534,-0.237886240232879,-0.160545271565394,-0.27495034493899,-0.163195802175428,-0.0965439290521872,-0.0845117476651038,-0.335385306037004,4.48e-05
0.236537321281985,0.203150175478565,0.168663638047067,0.375009898302423,0.415516604322323,-0.125625949709583,0.319587813071352,0.185686206937952,0.016426627
-0.0538688606810001,-0.0650285926261428,-0.0473525521387532,-0.13137312737867,-0.0774353118940622,0.218323971609421,0.0439190100688882,-0.228395722012368,0.001776709
-0.422671448407542,-0.460739863809736,-0.247629773483727,-0.330856100806792,-0.0770997549825826,-0.0634982418880293,-0.213199303637302,-0.315560836446357,-0.00619924
0.0997803190601985,0.028644974142074,0.0376615478617981,0.278929345692645,0.374449384207413,-0.13333314767871,0.180242441678111,0.118007047879763,0.010830679
0.178505621422936,0.113425359339178,-0.217092841587612,-0.18518188092512,-0.0949863840744842,0.0781291096512589,-0.581200155449213,-0.258446980504559,-0.003248157
0.0213876034527449,-0.118399692632749,-0.260060568042806,0.00755919382545778,0.095268487759135,-0.102522121337838,-0.0369364611115067,-0.129473703353537,-0.002497166
-0.134385932063631,-0.185968280112364,0.0576566119727406,-0.278196664630633,-0.140849861413474,-0.211679177743674,0.0831462712734303,-0.339029728323527,-0.005011615
0.0569391925479463,0.0315870914128584,-0.314861233898546,-0.130352779991479,0.170888691663602,-0.0689706715810341,-0.363386592942253,-0.170740329638445,0.003919997
-0.0961634933725825,-0.195040368605885,-0.307248476380228,-0.369251503580445,-0.142853786744528,0.0416050846252425,-0.0774577100224093,-0.398745327530671,0.000255686
-0.300341690919341,-0.370352631274182,-0.169219953060778,-0.0822408477051773,0.0767815275691961,-0.35795083787379,-0.594919709705955,-0.147808451463962,-0.014859632
-0.510137754670996,-0.410418889963858,-0.436873756221685,-0.507553191041964,-0.4035486741279,-0.339145087144832,-0.911538047697897,-0.530424457035758,-0.02595065
-0.598070865681573,-0.474852198105549,-0.21606811944421,-0.327346952654609,-0.0921606486703159,-0.168340296829327,0.302155148400055,-0.245320345228224,-0.006025
0.0360412590864472,-0.100149643408796,-0.0100564988374141,-0.00692000521774894,0.267657959611579,-0.515067569522411,0.215844112979868,-0.0465527907264643,-0.001535758
-0.415956721422255,-0.410823494351866,-0.0754990419671586,-0.317703229357335,-0.209732504834949,-0.0211431454183503,-0.0845117476651038,-0.400830495687435,-0.007353045
0.256897879573021,0.216779021882975,-0.0980211723284509,0.243061006935659,0.307872020572302,-0.0965439290521872,0.256710122663534,0.1284868679573,0.018558259
-0.0460625184264779,-0.0370219921380234,0.195724457353113,0.061231285199181,0.108539820675647,-0.3288464670264,0.154005499137486,-0.0459662514101918,0.00236358
-0.157577312792186,-0.0967561527891665,-0.0742424485088947,-0.0354632227607435,0.106093755361967,0.0354950298003878,-0.176563554027774,-0.133477510007165,0.004129933
0.207592361995958,0.154000011956624,0.243711528272529,0.365967064416373,0.381847215687993,-0.0606501686387202,0.370329155838313,0.171502979205604,0.017839994
0.063238715977247,-0.00322253679462203,-0.116061207503347,-0.0803465561473949,0.0256511382950253,0.0158248747281253,-0.0616757624472299,-0.197970751422409,0.004411033
0.177763259605768,0.105070538794184,-0.033154482922075,0.11623520372279,0.174297980320234,-0.0948211019068106,-0.0517226673552248,-0.0454359354900313,0.007978584
-0.0882736194026211,-0.160468448443933,-0.283205914742531,-0.0734074462624172,0.0777386256669383,-0.21885405436073,-0.599725313439633,-0.159130379595703,-0.010681845
-0.146850211981551,-0.183417170346649,-0.02168017180756,0.0129402039731452,0.114343870961704,-0.159085939193711,0.145534285437948,-0.123987839692477,0.002916671
0.0531700793024459,0.0234075411636459,0.119250012990469,0.309591851340024,0.350192785435095,-0.0583303872601123,0.25074181199115,0.086490822082979,0.01569294
-0.538065496504442,-0.462504091744514,-0.100027788024637,-0.141375687727582,-0.0877614481023192,-0.20892668379244,0.113108717867515,-0.270703560020732,0.000917437
-0.319512097624025,-0.263059714337259,-0.122657446526808,-0.0309533530883621,0.0292101340317787,-0.194602414789386,-0.310479151510739,-0.148009661137,-0.001784346
-0.152028583644208,-0.234444718084711,-0.33546858702282,-0.326748130070038,-0.224053936854885,-0.3337570437461,-0.132887163466164,-0.426973995108426,-0.005447913
-0.34644163698283,-0.328049307649958,-0.16753517155297,-0.182922426028903,-0.0162165296247675,-0.19393375369659,0.0385873142146351,-0.258336052797032,-0.003116793
0.139702989551758,0.0646610667220844,0.105550278726706,0.374241308373879,0.416136186191019,-0.278672869357776,-0.0845117476651038,0.195682353900454,0.007984955
-0.1475744127412,-0.193769761477652,-0.123718163605282,-0.15941964154612,-0.0694803494144228,-0.0965439290521872,0.0442699421597883,-0.267828088050396,-0.004366385
-0.0429880694432178,-0.0173657878123541,-0.0417223702013998,0.0452240542533728,0.187958114127547,-0.0203968675599824,0.0663466512362181,-0.0643998090752208,0.004211632
0.130090132901506,-0.0948690133490959,-0.141030324762385,-0.141463375094854,-0.144692748949939,0.149404331171326,0.0722139086992073,-0.300897388064194,-0.004415635
0.53737792283141,0.4080355290436,-0.109429201876982,-0.0437158099694157,0.0970886937789042,-0.027937961352671,-0.0674068768919106,-0.107772974276605,0.005985534
0.504675454468456,0.377527879059568,-0.252630688280242,-0.0947368277273387,-0.0087509590193704,0.577824359975312,-0.159006323935005,-0.15856217286975,0.003023668
0.0784181121156802,0.0388908944890733,-0.0254073029955778,0.0872378055160692,0.0763623477448558,-0.0160984854674917,-0.2623784698725,-0.0232724724996256,-7.46e-05
-0.108197000935416,-0.209030525196438,-0.155325386221413,-0.161408971185094,0.000874255107408128,0.160709784367856,0.142309865215862,-0.215274058285951,0.000403137
-0.150835290850594,-0.179367943069376,-0.283077021234663,-0.360781036897816,-0.27365622962928,-0.144393500955162,-0.279927709553355,-0.419946657513491,-0.006006925
-0.176897948496598,-0.209346566395338,-0.0552329312653964,-0.188659253864076,-0.0273185175445665,-0.337907481191523,-0.0136229892787203,-0.303510817924312,-0.004478545
0.0750299541178647,0.0246666988531505,-0.0200524570318822,0.134155597252335,0.190208475954532,-0.352368537655454,0.0935303555833609,-0.00217856597213506,0.003191354
-0.115527130069608,-0.0862624670197353,-0.0550594151284609,0.0887138252766573,0.105022408125317,0.342977517920604,0.0482976877941035,-0.103897927313368,0.005524348
0.19725050128369,0.0292945274553331,-0.00190588859197383,0.0834755340024076,0.235896622905023,-0.100424516607521,-0.0643975857599435,-0.0186923285644518,0.00432518
0.0246794514259683,-0.08669950968561,-0.20573817652823,-0.0313796944957028,-0.0631326360597676,-0.135928993303118,-0.0938299790292489,-0.181946254938784,-0.003226927
0.0593296055284884,0.00621414240283125,-0.0966269761211199,0.22308572043125,0.166491545525676,0.0695086162982153,-0.254358000409279,0.020392098028676,-0.001744163
-0.30986227841842,-0.331090358430884,-0.308787011135531,-0.239975342578315,-0.328053143692698,-0.120508956090947,-0.473936423896588,-0.387848794901047,-0.009605113
0.00197379893100313,-0.056622837726015,-0.0202116208612226,-0.100212929873434,-0.0332482875374239,-0.134908907708517,-0.154109493498499,-0.253258374098964,-0.003679224
0.292138092686246,0.123037664941251,0.0553984231576308,0.24405416207307,0.395243564478782,-0.0235535453557482,-0.30714713274184,0.101907926360401,-0.003770928
0.0232220532450949,-0.0486301798701428,-0.0570008093722917,-0.0135992700615272,0.167014455046064,0.242384774943123,0.296211182982694,-0.028048181327202,0.009237022
-0.161377350155779,-0.167188643089139,-0.07756980269263,-0.0240004583682343,0.198101558239554,0.175566213543726,-0.0414450765351405,-0.0859339739676009,0.007803515
0.0372804501026738,0.0597282362950058,-0.0295168905621216,0.0772001450588806,0.148664609040816,-0.0965439290521872,-0.00596360142961727,-0.125810965739021,0.004780622
0.00791889963997572,-0.0308749708557289,-0.096206551365229,-0.0594828576858293,0.166278017955871,-0.168429160325121,-0.0845117476651038,-0.15730892799479,0.000340369
-0.0637935050248603,-0.103917954768091,-0.11501740331462,-0.0594828576858293,0.0427366157495195,0.13997271217308,-0.0845117476651038,-0.0937653389253603,0.004142079
-0.00227131395472246,-0.0230472885128419,-0.137882667993516,-0.0336636817256615,0.0427366157495195,-0.0900950933426224,0.0138503930016096,-0.0850470011278599,-0.000190542
-0.0860911512930989,-0.132587759408293,-0.111831712930623,-0.222015212059829,-0.0966564264741163,-0.251451054297234,-0.0119793275463143,-0.286231919989878,0.000340849
0.28616351647418,0.28510049898618,-0.279748867888346,0.212584515686981,0.095524150167881,0.0865054522509459,0.272851774781842,-0.143782324622686,0.00685449
0.104568174616174,0.0704142208374217,0.14456477622094,-0.0594828576858293,0.347432240140657,-0.0965439290521872,-0.0845117476651038,0.132314288162823,0.00839901
0.160509888996978,0.173376649261433,-0.0642818981096412,-0.108400510890793,0.119359628820793,-0.0511520721522873,-0.0372483421892881,-0.134594814064076,0.00806674
0.0699174258190756,-0.0242375013729075,-0.106122625920378,-0.0521248110246475,0.0685531737102039,-0.0135452986191782,0.0334356236398343,-0.147198245498605,0.00532962
0.0670929315418174,-0.00489835261677074,-0.0498891920306463,-0.104124300464547,0.0313816475935662,-0.179827578134039,-0.151465279186607,-0.163516270575258,-0.006374655
-0.100045842565299,-0.0768017234977165,-0.0680861892604226,-0.00507504791353497,0.0685335805345337,0.0979871460081589,-0.129939585515573,-0.095951319066556,0.001229253
-0.297386165603242,-0.150914987129687,-0.0865536459411625,-0.0508821270068932,0.0561372255804544,0.0369953758477706,-0.0434281267633627,-0.165899990661945,0.005447372
-0.120775340223815,-0.132635424036816,-0.268741023080109,-0.351943034519204,-0.0930798729692625,-0.0965439290521872,-0.170902313185147,-0.328092145882433,-0.003729203
0.216338397927724,0.144710729444928,0.0202104302720698,0.00132016305860416,-0.044642004527203,-0.335357285113825,-0.00971120662241254,-0.158598423754563,-0.007263452
-0.0197908637575075,-0.108216210035497,-0.0754903816542802,0.0179283912500696,0.128385424929565,0.189189316970941,-0.226160261787655,-0.0623713649220264,0.002312679
-0.257530146650234,-0.25324986545021,-0.292499767835115,-0.401556399547714,-0.105920840831052,0.0252278217278288,-0.286154433547204,-0.349173882470022,-0.002056452
0.101745449174073,0.0598105406014902,0.0875816299726546,0.0702839140463227,0.178242409965173,-0.304886042550804,0.0194258814236132,-0.0640387675248106,0.001725396
0.117811611172247,-0.00182277006965215,-0.11501740331462,0.11557338785634,0.107369118918097,-0.245945135136851,0.0394776841140938,-0.0658835577906125,0.002118634
0.0339327770819471,-0.0610611624700391,-0.288785325391767,-0.439214628157936,-0.278433045857695,-0.142152124329594,-0.505280565718443,-0.461006878165204,-0.009050756
-0.0976742768283287,-0.226223708133714,-0.426961628551124,-0.383532628740745,-0.260401712603343,0.120443929216053,-0.572560310056544,-0.39512396771182,-0.014855548
-0.415195695344463,-0.382062310025377,-0.480182610933307,-0.221737268806119,-0.0720628631252707,-0.560351955676994,-0.0973435671582306,-0.298850421435093,-0.012384604
0.0284369452543156,-0.0431738802411155,-0.0401971765683835,-0.262427855618463,-0.111053434889138,-0.228692919609348,-0.264143755874759,-0.289666708588226,-0.004143634
-0.0411706980592821,-0.177427387303477,-0.18371392445552,0.0599911532630322,0.102671664562398,-0.418684703317749,-0.0845117476651038,-0.0903016014061409,-0.017437655
-0.120761509762716,-0.0827104000550437,-0.0356177792602697,-0.141241254133159,-0.17260653760737,-0.223958726720779,-0.202716699248563,-0.332132462355765,-0.007275356
0.14456635607065,0.0536092720727426,-0.308906526715141,-0.390125068892724,-0.220857148553023,0.184593702423858,0.050290564528892,-0.369193778854464,0.010577309
-0.0848246348234099,-0.0956181260607593,-0.276118255968905,0.161235249911872,0.200304249679908,-0.472330800577448,-0.132792757599447,0.0165664731050672,-0.006314758
0.190911133317617,0.0849243718709498,0.116011610494942,0.0863298036367306,0.257464086850346,-0.0842905269319655,0.216934702200833,-0.0102329947077765,0.001816917
-0.155678986702652,-0.120175359215079,0.0952033739926597,0.115053032794932,0.172435582394021,0.192546680847695,0.0657493424443525,0.00196781023276338,0.001154004
-0.0732581149906468,-0.0786174037641222,-0.204546869760083,-0.178133462868848,-0.0663103257709764,-0.0392368599261746,-0.0981861985967238,-0.259864631773308,0.011540842
-0.502395136227869,-0.518589917341527,-0.630979860417937,-0.504913062621217,-0.373884587140592,-0.179961983723707,-0.908490878613283,-0.632346322724486,-0.019774104
-0.635447724924602,-0.666667742187301,-0.0678346487603798,-0.383623479251415,-0.249687726629317,-0.621026095252659,-0.398782689646434,-0.519904225852817,-0.02729
-0.50911326364626,-0.420379264977976,-0.260217888905376,0.106791872748754,0.160395766169639,-0.284987711380213,0.0208023233805728,-0.0366424202623595,-0.003809534
0.218871979815944,0.174791545216467,0.0962846735849789,-0.0155954471870615,0.115440575191722,-0.130623831858947,0.331652978042671,-0.108756098272731,0.012960538
-0.129275050611368,-0.11577191155491,0.00565383062600433,0.064659251994946,0.117758581031021,0.188374036482728,0.282163324801557,-0.0541880729220382,0.003336998
0.191954486834503,0.0627062450202767,-0.11501740331462,-0.165100736951306,0.151769556709537,-0.0965439290521872,-0.0845117476651038,-0.148330567779224,0.0111113
-0.145849798462963,-0.185570851857018,-0.159842302063167,-0.0710460159364197,-0.0274163122204121,-0.0965439290521872,-0.155099794549509,-0.217263938402635,-0.002354158
0.0291774924905897,-0.0187924353590696,0.175953892689949,-0.0245221973048797,0.13498946648049,-0.2370859353075,0.280700637398559,-0.106690850840288,0.002296293
0.0710913376688553,0.0345625210468417,-0.11501740331462,0.202810456503777,0.322645541342704,-0.0591139512527491,-0.0845117476651038,0.0605193590039139,0.005947344
0.391400806358578,0.264963849881003,-0.0460449264413249,0.120299303817299,0.160263635880119,0.38345758030199,-0.0845117476651038,0.0232611138890508,0.010310325
-0.28897184725776,-0.350028971072718,-0.00797582197214997,0.0422718170357341,0.216783746353672,-0.0464678269238895,0.0541422660879591,-0.0354655093934199,-0.002326162
0.199208113848147,0.0530340915509206,-0.0793944050334066,0.0717825610656515,0.160611576439522,-0.467893732690635,-0.144515048895286,-0.0409059213498559,-0.008235251
-0.260494988848066,-0.170260977492001,-0.132083177754863,-0.165359863096278,0.0210682564607449,0.386700865083983,-0.188701261738744,-0.204059501822561,0.008018818
-0.396344914102963,-0.441729597753053,-0.313611164216461,-0.328043185677919,-0.0892259143374186,-0.180027619498008,-0.358996949651751,-0.355033492753504,-0.001826145
-0.581598832257725,-0.555521716822726,0.0427520667241388,-0.0228318566066582,0.14197224601937,-0.363678665050373,-0.165196564048073,-0.103411733898723,-0.006394627
-0.336602750646934,-0.304502376853841,-0.148992642517844,-0.327691303947276,-0.189022993713977,-0.267457390003016,-0.000484082954960385,-0.399845576409395,-0.006927662
0.247869211230582,0.153392598189297,-0.0921132732391342,0.154074162844445,0.315751311544352,-0.0539232628970737,0.0134245720501138,0.0813358426886293,0.007745793
0.395464506900641,0.2360532832922,0.0498267431831676,0.306111566871349,0.224470377439131,-0.0153201508462317,0.0998248110688353,0.0781756459115763,0.011574976
0.035442355899957,0.00242605081621328,-0.077054832110457,0.137760771968022,0.315938664153262,-0.00911560916047238,0.0542593511238099,0.0198417578102379,0.00828374
0.0144829096710095,-0.0448196210531459,-0.108018582063119,0.0686169734202857,0.212290137114946,-0.0417896885983666,-0.119161301884273,-0.0190953693542667,0.003711996
-0.12780331876629,-0.179980493436925,-0.0541959607322169,-0.129309949124792,0.0220981156234765,-0.285160513450127,-0.040834779073696,-0.167960767151927,-0.004067471
0.295846501338981,0.157800901879087,0.111851806161256,0.1931549972256,0.290971213554125,0.293237402903266,0.172256603000141,0.097387976156343,0.010645201
0.141756088717544,0.156024749693795,-0.117882221767225,-0.0639173690612298,0.0661614556808834,0.274313203330863,-0.151811655042629,-0.138930178215133,0.009756269
-0.148018863071596,-0.218518721472579,-0.0871068132328668,-0.0289833258130798,0.0278023738711193,-0.127479027601616,0.161858883987329,-0.162553671484867,0.001288432
-0.111121220918949,-0.117499999838132,-0.0413912885602877,0.0950588213473502,0.172341002520786,-0.102866203229149,0.0136771030683402,-0.019986830398794,0.002852183
-0.160620502188617,-0.146111111266984,-0.0492353954913727,-0.083990659093766,-0.0360036206666839,0.0739164211958852,-0.107363696705929,-0.223885611334188,-0.002285129
-0.0932677272373539,-0.0474314419802984,-0.11856258638499,-0.00959370609228982,0.0708231096903584,0.04780629527307,-0.217368020538827,-0.129655510172037,2.82e-05
-0.127982855534742,-0.154203317730083,-0.107644296714258,-0.185531857580763,-0.0647574619753528,-0.0953440390444924,-0.162411327466342,-0.27301457118988,-0.00754002
0.314404296384708,0.181575170399698,0.011365380361757,0.144633060448713,0.132639179457586,-0.147033617148212,0.140104800542573,-0.0119172798654879,0.006678935
0.252157157374552,0.206050163994595,-0.0203444449442381,0.100206046442062,0.124466789795509,0.111485514600991,-0.13782782216206,-0.0538305701484787,0.011753411
-0.268972421061785,-0.285491517282426,-0.120332568409703,-0.0952288223325977,0.0359953458789006,-0.267330344932649,-0.0908526325440602,-0.20893305351448,-0.000118508
-0.0791921604798873,-0.169438452403647,-0.198187150242011,-0.149024869388238,0.0680040511839186,0.0374525518495084,-0.297568549956319,-0.185418002177315,-0.001747153
0.0779939881410125,-0.0894110410876436,-0.0321274448381289,-0.044258019476121,0.0238734475642106,-0.180404796862965,-0.031981640685559,-0.184696195273712,-0.00595858
0.0779935611808023,0.0134604285059816,0.00151992568375126,0.0296549725854316,0.140554441978367,-0.0965439290521872,0.000229375824553291,-0.0514001554696876,0.002049152
0.167216656224059,0.0829903555582729,-0.204856080441553,0.00530347718962032,0.0571482334450411,-0.0287217223421748,-0.201047502199786,-0.160495605180082,-0.000280023
0.467352544697721,0.284125505358909,-0.142835257917981,0.217965058552121,0.208520543273488,-0.0736737389646271,-0.201106614247071,0.0152094643879119,-3.32e-05
-0.167871079486473,-0.113215589650735,-0.102989794432877,-0.0973256988471098,-0.0391408495190085,0.178380403331923,-0.0247529020368529,-0.215401540564209,0.004233582
-0.0359241652487584,-0.053581916439212,-0.0225894883503461,0.0482620198460648,0.068402838887561,-0.112674444419362,0.223573340429273,-0.129002390063992,0.006657004
-0.0282349778262407,-0.0545224214649976,-0.114322621151498,-0.101567006861541,-0.0856068455436102,0.0829542792747398,-0.0794077955512684,-0.226151119011732,0.003322491
-0.109570836903693,-0.0857163255550458,-0.168484185273808,-0.0270342903076219,0.0672019864664799,-0.108167209830308,0.0153141174580691,-0.166593142104219,-0.001537399
0.260874602220805,0.165149207768983,0.00545262105918654,0.178458134377305,0.260196079371308,0.151167739671291,0.0990650929046042,0.0483916082274352,0.01345158
0.0412213843356823,-0.013834278039724,0.0137743010254952,-0.0594828576858293,0.159922448308447,-0.0302676104834317,-0.0477468934001016,-0.15730892799479,0.001229191
0.10148889183339,0.0388649093350133,-0.11501740331462,-0.0594828576858293,0.0427366157495195,-0.0123085343797543,-0.0845117476651038,-0.15730892799479,0.004452219
-0.113586565416407,-0.100457191951448,-0.0875705884814708,-0.011557443025587,0.0427366157495195,-0.186762566293587,-0.130838948878654,-0.0666787986294507,0.002949178
0.0109199724613716,0.0361444536296545,-0.211146077101705,-0.145349799986895,-0.0175816984064699,-0.0798688248007736,-0.15712165777858,-0.225549475160121,0.003124776
-0.112264910085267,-0.159206355554302,-0.0600762805577346,-0.206171853508934,-0.121051394916168,-0.295287925382386,0.152062502974091,-0.318836190200832,-0.00362746
0.149118804064933,0.163327452069963,-0.00637005970331639,0.165856458637389,0.23588364955958,-0.0386850717018898,-0.171889520076649,0.0755649780236347,0.003942423
-0.145398074560412,-0.124604500667531,-0.0862302134276212,-0.0566361184894827,0.0644792579033353,-0.0206858082373577,-0.276749344705469,-0.117550476616708,-0.005179159
-0.246106307770623,-0.260785581709939,-0.103843658878137,-0.116676570061272,-0.00968561056634487,-0.241441159950505,-0.04171076623171,-0.214920422273438,-0.003799375
0.274581382096581,0.217911545111145,0.065827935207551,0.0772084483103008,0.156628378938257,-0.0266097368405712,-0.0262546234520936,-0.0505103688707921,0.007507331
-0.122322217065915,-0.1213251699087,-0.101282114470678,-0.0221649904942149,0.136692855323763,0.0132259487890707,-0.207251887042029,-0.0952590825275647,5.08e-06
-0.267657871568432,-0.213130265972944,-0.380175470660279,-0.3780918603442,-0.223638656643178,-0.371248484568022,-0.352507817130481,-0.418191976589938,-0.012591087
-0.0698901308627707,-0.239180426082715,-0.0414434135319623,-0.113239922593568,-0.0106568804270719,-0.411281041702956,-0.163797527926362,-0.247509881408596,-0.015519306
0.139602470919378,0.0944845345060725,0.0158825897734394,0.234956781935806,0.227153006570904,-0.109830114110525,-0.0304689197032796,0.0509525260915529,0.008943
-0.164539371727898,-0.126454863776607,-0.131643752500849,-0.156863641956322,-0.156630262165821,0.211901891656147,-0.0678423033385794,-0.310893914797871,0.002515698
-0.0807897083498084,-0.0985527542547506,-0.0781379094317853,-0.238235775460959,-0.151353477552803,-0.325632695956835,-0.0845117476651038,-0.379994729984465,-0.003179646
0.131702685373105,0.0811885095806983,-0.069472328604172,0.410326142729585,0.337928465658033,0.254438081972957,-0.210920217148114,0.118407896354163,0.008768359
-0.266182632550197,-0.275944206939033,-0.500891702347101,-0.556145004532101,-0.461102524354317,-0.0215265013214057,-0.677542472992025,-0.658288232701266,-0.011889142
-0.126065453472953,-0.307883846102364,-0.0099529991283257,-0.280165523699546,-0.0147213991186191,-0.562333672523136,-0.0474886330865242,-0.361398837404778,-0.009722941
0.149851452537315,0.187126011529855,0.0947243494172361,0.118548917311729,0.148677772611267,0.119532406803939,0.249369450244529,0.056057876298361,0.002971064
0.0150109222140025,0.008687404618136,-0.388815983877922,-0.0864401362351485,-0.176931093882813,-0.0965439290521872,-0.196924602660192,-0.262069341538324,0.004164699
-0.196650240973674,-0.278344715039441,0.0975794148244526,0.0317334453565359,-0.450706023916153,-0.692173465806085,-0.188298357968652,-0.142404273130013,-0.007586866
-0.330510882365653,-0.318837268382764,-0.508518061938753,-0.532109931310544,0.0427366157495195,-0.0965439290521872,-0.664195934964643,-0.687648186820074,-0.01250644
-0.292624110642835,-0.388960375640006,-0.222796024580414,-0.204911412754377,-0.202102066216412,-0.0965439290521872,-0.0727222349039316,-0.393016393055777,-0.013384167
-0.235575059707907,-0.354750326805398,-0.651409880996211,-0.211511581040794,-0.247551918301251,-0.0965439290521872,-0.481969457007478,-0.462964236059513,-0.013554059
-0.916811880789995,-0.916385029538365,-0.366617090316886,-0.656909471590785,-0.462898914203272,-0.659698299477377,-0.230713317502231,-0.742070241941253,-0.014724997
1,1,0.586854881306253,0.86843205174385,1,0.188199139082501,0.599727965576354,1,0.025317649
-0.0477093954492734,-0.200414061775474,-0.170520500461052,-0.000447494928816239,-0.146042167101103,-0.301102896809379,-0.353645328770343,-0.282719416399422,-0.006566375
0.352278427035584,0.248704082166266,0.107541041646776,0.369303443832836,0.217739817236379,-0.125931241126914,0.125036685766188,0.065467466682265,0.00716741
-0.0637318245230436,-0.0190171724099217,-0.314309175648792,0.13846121053426,0.219295496362099,0.289555621004282,-0.198538291847483,-0.101361780887206,0.005779977
-0.636807547448832,-0.586953911681857,-0.424555562039464,-0.629744881342044,-0.564805836194508,-0.365040128306567,-0.449474372853395,-0.769401113200802,-0.011049522
0.0367363350603189,-0.122935073222128,-0.0969326476540127,-0.0292116831995426,0.0412909057000619,-0.488942346476066,-0.231529223563004,-0.166844291686668,-0.013753547
0.193313302952522,0.1430187160662,-0.348205330375279,0.202281312935995,0.203990962486031,-0.0845105007971074,-0.641147183778471,0.0798746558334524,-0.002419064
-0.743532503943302,-0.879244550277593,-0.847298052512549,-0.920764300274759,-0.815770923742523,-0.471695628952031,-0.841323034043728,-0.958635634424707,-0.036374727
-0.146445331713507,-0.172930865742241,0.128199655342381,-0.178191729408035,0.00445137928728156,-0.540824157704302,0.508887709670321,-0.171697680981701,0.00112439
0.0739084211367478,0.0778361549275459,-0.326911659687477,-0.132299820559907,0.0678934353426344,-0.144452420927181,-0.181842581166902,-0.190779162794619,0.00511012
-0.708508424187988,-0.704354373703939,-0.109245981622979,-0.484360879867157,-0.447185929193231,-0.652929290132625,-0.293208658199539,-0.613869263997681,-0.027590293
0.47807167050157,0.386647437940427,-0.207606194599481,0.217247132835165,0.414093968566154,0.0218953510915323,0.202037854253424,0.176641438553874,0.02156199
0.0593536525374783,0.0759798458799794,0.4125475407957,0.491081481243979,0.62684332786931,0.122263016194136,0.444401345333753,0.358089908426036,0.017184219
0.153065593752255,0.123412928119172,-0.318100451866095,-0.032138543380373,0.0178217433421817,0.130998537808664,-0.12425937169487,-0.172278454681056,0.007175984
-0.287549124345398,-0.357528644801483,-0.397403703436833,-0.00470779977604241,-0.0495121451438106,-0.0860544726961133,0.214725761327722,-0.162780860958687,0.011325081
-0.0302834109268709,-0.162793515426387,-0.11501740331462,-0.0085096465269926,0.0427366157495195,-0.201107484150057,-0.412865059606688,-0.199345436761492,-0.015882222
0.157738566514488,0.108064518461319,0.30110797205123,-0.0596931348321865,-0.00152493876466819,-0.297913929436242,0.215774392385702,-0.147714941443471,0.003444305
0.00226518402598841,0.00242541413677411,-0.0490744865519042,0.159817370883631,0.262656620807983,0.474147451957904,-0.430219112225454,0.0552020101702548,0.011455399
-0.271590373337286,-0.319286634572699,-0.686133022210098,-0.406398902504264,-0.270840328857948,-0.120042288421984,-0.0845117476651038,-0.531747269084906,-0.006233492
-0.137178526313744,-0.25822962670578,-0.33722429828714,-0.162457211745887,-0.169599023186983,-0.798140623580867,-0.220952332313683,-0.320786349705156,-0.015968381
-0.232830971187406,-0.242639829211064,0.0630203628909214,-0.170613394970537,-0.111747166465371,-0.0643322549874077,0.101473250047513,-0.297563066203757,0.000723629
0.129520430743688,0.076118911777143,-0.212210920468612,0.292901776813131,0.26016048827259,-0.283041113702804,-0.188445755567145,0.1171875189481,0.0017334
0.104166237323866,0.0507244883250149,0.359258221858036,0.154970500632503,0.216238276147511,0.0987947615273681,0.344191685425575,0.104628486216304,0.010020454
0.0233906110367095,0.0778143891236676,-0.0437434034429425,-0.0854962075168725,0.158022614100954,0.20603881717601,0.0647539411304192,-0.0352595698430305,0.00877387
0.10191887126237,0.102625419968326,-0.144477488095658,0.168393335587552,0.183674570363507,0.222776405251854,-0.103767416314078,0.0474823324623714,0.007877899
0.147851281189034,-0.00415140893167154,0.263728137154305,0.0867805875157845,0.100060293718063,-0.0819760644687647,0.157005065768145,-0.0434824616190952,0.007188407
-0.0563915398352769,-0.0223818613783109,-0.124086985291592,-0.0133816961184672,0.115874288206559,0.225221297549772,-0.0031872053036206,-0.140236021397724,0.003332611
0.0799753884886176,0.0307200419284706,-0.0941064499563902,0.034994286751961,0.100755299801839,-0.217474162943075,-0.13973848265852,-0.114755792332525,0.002606371
-0.0130118030176678,-0.0120410002566358,-0.0935494499461805,-0.0784368802103578,0.0315093075954334,-0.104390170991758,-0.111664867435581,-0.119125871021372,0.002134784
0.0133374059237972,0.00260272396499617,-0.178041077021952,0.158861724156858,0.216917075060733,0.333630894116038,0.018335275201772,0.0145567413133667,0.017326939
-0.123511194511689,-0.207269340373555,-0.37925189966654,-0.127955997943526,-0.145215392155319,-0.316758076645446,-0.089232755037755,-0.294733667381784,-0.006912794
-0.348697481254217,-0.324636328164784,-0.163781358120377,-0.245410521556697,-0.207238940337144,-0.434751946873025,0.00679047305567648,-0.384761565976425,-0.002068345
-0.048881538463896,-0.172406090807883,-0.391400328883129,-0.319270333269867,-0.24708419305525,-0.0881723143773068,-0.406636873537468,-0.464591003146654,-0.006716706
-0.0654469541851794,-0.124565123662895,-0.0684503953750863,-0.191864272967485,-0.158613148611156,-0.444170635713277,0.149720921263212,-0.294605132101634,-0.002310732
0.103079730328577,0.0971070926542754,-0.148222624905931,0.195148927800425,0.13749022148354,-0.176800613820747,-0.242337037716631,0.000208416694184921,0.00053971
-0.384074672352069,-0.392749826914918,-0.628899672835886,-0.668622304035808,-0.557368000395059,-0.325736083494364,-0.689964979384652,-0.759815636976251,-0.021032886
-0.155569745883118,-0.15266652464039,-0.280793487549096,-0.0187953261824487,0.053185237839467,-0.451891175742938,-0.372767557540359,-0.119298425233081,-0.006962182
-0.136510089607283,-0.16866625736452,-0.167953704413768,-0.388113435498312,-0.392017481525918,-0.46494866534757,-0.0010184205005952,-0.544014344095349,-0.006819675
0.253694641092024,0.195365603887534,-0.191236197198227,-0.131055411191209,0.170159977708673,-0.0729644786084369,-0.0307369045181648,-0.0958450521870758,0.000513917
-0.0297649134971369,-0.00622826805343946,-0.027848565279726,-0.114864017004484,-0.014754631427256,0.0257606624352755,-0.241600151729422,-0.221845739521114,-0.000926974
0.239257012076181,0.161546184866803,-0.11501740331462,0.322016948194217,0.592743536135256,0.040645011439832,0.247412105341443,0.297775427339456,0.015586943
-0.0485154658292574,-0.0935175803056186,0.388129845718238,0.0967810630656387,0.23258579471176,-0.208877810660634,0.246160568823484,0.0660347585049343,0.000986979
0.0947446740964302,0.0796732340978141,0.0377804110637894,0.0684168686555386,0.38371208653929,0.390987749722967,-0.033010159706743,0.0538572231799792,0.007505103
-0.103272655349339,-0.111353420994092,0.00205339117139314,0.0283824723466681,0.144552876502654,-0.00367034712629877,-0.223277627184959,-0.0553531073106202,0.008605912
0.05995555969402,-0.059329621010197,-0.103069156170101,-0.024107681740471,0.168693114638491,-0.166200803401577,-0.0845117476651038,-0.0896337220092785,0.002228034
0.135186863672512,0.049690812277571,0.133894895637685,0.274358244034141,0.421814136320261,-0.116962511039548,0.110405918535506,0.167369446171324,0.003910511
-0.0454873725259781,0.0184685273921834,-0.117548873113891,-0.00548251829492064,-0.0205241748971321,0.381504177278269,-0.13986007292662,-0.158575982730631,0.003616272
-0.212169848156862,-0.170008496325248,-0.0955203479677834,-0.235149392207388,-0.110683199958972,-0.298260375289956,-0.0818337696126572,-0.316417462116811,-0.004870161
-0.0409966355306695,-0.0346238688877182,-0.59195326131889,-0.381176302577958,-0.149504129062036,-0.616514705820594,-0.395278060979321,-0.427893904466369,-0.006472779
0.0499591097919261,-0.0684470864027307,-0.0177466935789832,-0.152437254108285,0.0036108510735271,-0.303118318028572,0.174763552235881,-0.215994104432291,0.000105052
-0.0216945268496711,-0.0330498786111297,0.0701256032413513,-0.184395534259773,0.0101935874237224,-0.0965439290521872,0.225813426907971,-0.212595963752257,0.007196694
0.276789925276093,0.205982611226981,-0.325452992262051,0.00932352691782912,0.318688138352321,-0.138242793140494,-0.080819922347817,0.00573966301056639,0.008880124
0.0570774056674686,0.00870600860717219,0.248089716013825,0.390186642354555,0.401212349620474,-0.208742312633795,0.247356937497485,0.214019208014663,0.00618863
-0.210004702433017,-0.155979653365383,0.0184986729497589,0.0111599293569433,0.0384403269100435,0.306895213596674,0.0635232646878181,-0.14106438864035,0.007336415
0.0020158240145649,-0.0536908749527265,0.0666360190534712,0.0215639932485578,0.180094098223519,0.0409794583934693,-0.0537793993818175,-0.0450618608834146,0.002304461
0.157590091101339,0.115774026625589,-0.132140179249231,-0.0215135447058379,0.0945671471826419,-0.109381373156453,-0.0255079109583178,-0.0623231167205731,0.002006969
-0.0323717190614319,-0.0579742923518461,-0.228303885714401,-0.141812542992241,-0.121045821323478,0.38059052371823,-0.0503780340380326,-0.235934766739927,0.000772417
0.0324045035061555,-0.0272283515987313,-0.18298396282935,-0.188624639010753,0.0223432966343642,-0.2019752374401,-0.0473991234722141,-0.212680756298067,0.001432271
-0.271550056094566,-0.25093872987718,-0.113981753846117,-0.0206486406552998,-0.158790057867208,-0.392129937557455,0.0573432080997207,-0.263746842601878,-0.003294977
0.157659060423889,0.152939735658035,0.240259618892086,0.357076169247869,0.539434005276537,-0.0346659416226827,0.165946761721513,0.277612409009308,0.015749215
-0.206650060811714,-0.155046259725198,-0.193431121693836,-0.0144663847179629,0.04062175119467,0.133451184619616,-0.214029575438643,-0.148659743075652,-0.002498259
-0.101706916015089,-0.172856093677257,-0.016624962883791,0.00712149385773264,0.00639473697626403,-0.478701840433379,-0.015893830342848,-0.144026396651433,0.00157399
-0.122254879341311,-0.149688494332765,-0.135720460235448,-0.0530970462818562,-0.0294470592773839,0.211397758764854,-0.0496850953163487,-0.191161678678699,-0.000640049
-0.0131187565503605,-0.0239765815057917,-0.17553973075919,-0.270560836467391,-0.076041038686364,-0.118447276425636,-0.163471621125541,-0.333379371957046,-0.001846139
-0.017606398084144,0.00275402705680428,-0.0258363065171447,0.202656756490474,0.319325525281626,-0.226340544203666,-0.142783237618682,0.0734529496874574,0.003611527
-0.234837989147632,-0.278846299734565,-0.212634280923784,-0.245354214009728,-0.0775332397274122,-0.136700200219557,-0.245353299207927,-0.291135145620365,-0.009966402
-0.315246902359834,-0.362702895438956,-0.581195472851615,-0.441415475039258,-0.427226304070412,-0.587349248035648,-0.450839832244192,-0.587316664710414,-0.01411308
0.00852542711593651,-0.127172843942812,-0.202978782298686,-0.114763533284374,0.118382975592382,-0.251889569323032,-0.0390920872361891,-0.149845578567186,-0.005318878
-0.0263235227102383,-0.0108469133640504,-0.180772239610079,-0.132161720594727,0.0763009621352557,-0.017270437737694,-0.00788359540722672,-0.160912628454039,0.004725268
0.037750152079796,-0.0148255663441667,-0.113052980140875,-0.0590119806572345,0.0452605782033644,-0.206791864563078,0.0274929842908334,-0.169225612310027,0.003266443
0.113620935713341,0.132577507790205,0.0826278657684774,0.220185010100671,0.309105382446995,-0.16481039951475,0.138817392175384,0.0883667363227418,0.004805849
-0.0564140009920572,-0.0893483335584733,-0.0908519500431402,-0.11775356647114,-0.127251759980783,0.056948113971248,-0.0709333686860891,-0.233923947421682,0.000130577
-0.204566372996572,-0.216589410113047,-0.393589316742414,-0.385419587557014,-0.288720870749641,0.138621062942621,-0.274332092093679,-0.443163053346776,0.00113875
-0.0772082746139149,-0.193308190466604,-0.174868075382625,-0.267680399010411,-0.0157570791665498,-0.450635231172197,-0.137972074598418,-0.327794802315337,-0.002496244
-0.0149840999636451,-0.090094025467048,-0.181046694873953,-0.0422823308930521,0.186818133708548,-0.219270559463849,-0.262648426789049,-0.0595002603201932,-0.00146846
-0.120774654037763,-0.236635240673137,-0.353441476231388,-0.286564023621924,-0.245788190085914,-0.336922514765654,-0.298681699340283,-0.422633901080018,-0.00973058
-0.139469640548222,-0.1105302592263,-0.0614574944504683,-0.168639341876385,-0.129970665021297,-0.397197180512787,-0.176868940770766,-0.31834480082603,-0.009662437
0.149341692543315,0.0790151665459529,-0.240836255468596,-0.0196796763759234,0.214705994697592,0.026716688230511,-0.33185924967618,-0.0121402918563915,-0.000755376
0.022723500956616,-0.0226541443547393,0.153284553319165,0.0574376158928114,0.210971154964823,0.0727238200722669,0.366763171008229,-0.0133834555329082,0.005080761
0.10875712698566,-0.0123016503443282,-0.350491196310831,-0.138022665863468,0.128847747785381,-0.432310206524978,-0.198952416196007,-0.150821141664479,0.00200541
0.128779776767361,0.080108096945948,0.359222928228905,0.415494054063225,0.549956720006519,0.111208089285929,0.41133622179357,0.34234901469793,0.014404659
-0.00619552049663274,0.018404956568858,0.0324185031123794,-0.0596305908604495,0.0590354367121022,0.173877323585881,-0.151813882157439,-0.14388990343895,0.003654103
-0.0181038067292023,-0.0198356615981012,0.099164088986786,0.0898753279379931,0.243900587346339,0.00452298538400542,-0.117370582570902,0.00672549719188997,0.005049774
-0.025908441142883,-0.0259430684698666,-0.303186773330842,0.000241638994254112,0.0815962746639085,0.267548707005244,-0.0671828903451802,-0.111553095708611,0.007314074
-0.140070358315606,-0.217720001720545,-0.11501740331462,-0.168287675814609,-0.0673967198056419,-0.242155775039714,-0.171333183396937,-0.291280649767074,-0.001896565
-0.086263765206712,-0.11046973151487,-0.0103428763022558,0.0767485344491656,0.119616584759583,-0.491816405403004,-0.0845117476651038,-0.0506262508659107,-0.003641465
0.358660475774114,0.31121946364009,0.223261544939146,0.221807271326209,0.512648384065201,0.483767776045867,0.326246614339216,0.194769953654366,0.022418509
0.00209584855684763,-0.0754981061592391,-0.12665141647001,-0.0201178615986017,0.049229584919144,-0.139841780891793,-0.169439268763744,-0.148941999369735,0.000165775
0.171176864660849,0.115972271337065,-0.0573649991775149,-0.0983025170677647,0.00237598642128245,0.317028338438075,0.0193974899600051,-0.214121539083792,0.003323194
0.028971651923464,-0.0187785255320001,-0.120961998644947,-0.0945901549246531,-0.0104099113011231,-0.109834770400107,-0.195705911835461,-0.215756177791636,-0.004882582
-0.0205295964128877,-0.0929845501209053,-0.101536427575597,-0.174564017295637,-0.0660758354054544,0.121689594132101,-0.229349116176288,-0.245685219015029,0.003106736
0.0503299552317735,-0.014555301317825,0.13117836261764,0.184343342393702,0.364608226653247,-0.141213058173721,0.192225628423371,0.0931804395300673,0.006771126
-0.0905631325363099,-0.0822971950990186,-0.156889820368149,-0.112668561844863,-0.0467715924975562,-0.0965439290521872,-0.202347134197115,-0.202816458982327,0.000791961
0.0326299080000625,0.0261754888386965,-0.193908988298988,-0.254262560384138,-0.0403409029950624,-0.163420228442402,0.0669480572392986,-0.321997664390016,0.000318169
-0.11932963770299,-0.16016195743662,-0.251465036261921,-0.127990469017604,0.0262832369691495,-0.274617599307889,0.0317878476953366,-0.229600511537962,-0.000237889
-0.0398084510110008,-0.0608344937985157,0.227037849090117,0.267608437498102,0.21818943306176,-0.0965439290521872,-0.23293993928681,0.0775610898400414,0.001377145
0.0398880943388105,0.0520939318427969,-0.207712842030576,-0.114955442632135,-0.04273954521462,0.150326992860825,0.0693523721841385,-0.23764618827427,0.005533577
0.174027357765201,0.0862224533356595,-0.0361003756031517,-0.0674992335667602,0.0597943964430663,-0.297923886732425,0.0169686767522552,-0.155065878603503,-0.00096579
-0.0603661276820086,0.0240760761571341,-0.157277414220416,-0.143209699836742,0.0116800246470736,0.023041908674706,-0.0845117476651038,-0.221581574144785,0.006145259
0.000368764008821909,0.00902851372105706,-0.165388474072768,-0.11105512507051,-0.0280980215762334,-0.456137496936139,-0.0349772121102615,-0.192733344420925,0.00351221
-0.259541769681301,-0.200164871917687,-0.0431469182774061,-0.110566958587659,0.194009114517052,-0.0299972233291605,0.110017040488454,-0.158282523186907,0.005174924
0.0731579623241621,0.00312739098758463,-0.24659252569006,-0.284054410811164,-0.0831830365556918,-0.140721819622809,-0.0467895060458261,-0.302644266416349,0.004925464
0.149654059682923,0.0362283334479716,0.221719503654146,0.178075735501831,0.314010448374797,0.164420059177321,0.131020229223837,0.114931229352694,0.003481782
0.0851992161650978,0.211957977257767,-0.125980690731551,0.0985576892834894,0.196030844908715,0.225409877277847,-0.262404991239703,-0.0301730010470205,0.004954263
-0.0789756459075028,-0.0762533374682246,-0.141894562011771,-0.043669063742264,-0.0219937772074073,-0.108781213246932,-0.235326080294765,-0.155969371489323,-0.005292131
0.0529017348102405,-0.0837005984506157,-0.0154704012849752,-0.0153809465253716,0.0276123200671174,-0.274818661473805,0.130770078328308,-0.169661037223608,0.000977497
0.347734091285298,0.322037208452884,-0.112637970119213,-0.00859429655770561,0.0924335644871521,-0.474485032952606,-0.0516505326366079,-0.105112608151818,0.003226381
0.0970571210928464,-0.0817812365562169,-0.0528552594895583,-0.0735597803728893,0.00648408566182046,-0.0965439290521872,0.089287990885218,-0.205848949070882,-0.004085144
0.0558406544238723,0.083434865718587,0.000711499339581811,0.307198771607639,0.328854827960124,-0.0682018823534172,-0.0845117476651038,0.134825576839399,0.011802246
-0.257333180756052,-0.130367312886226,-0.174515921944453,-0.00161881052364876,-0.0242382610816909,0.243022955247962,-0.0804799218204497,-0.202509707447505,0.005034855
0.140224795923122,-0.00284780238437099,-0.0819820934739046,0.0433194465347351,-0.0364781559679178,-0.252812571279846,-0.0518181952797848,-0.172001411609455,-0.003161803
0.025993421473322,-0.173666467900382,0.00269790763905164,0.0077431413975062,0.172701516953119,-0.0998619830995849,-0.106774429328606,-0.0912461095787775,-0.005227974
-0.186024040009892,-0.16886332583771,-0.376045072247722,-0.131166318906608,-0.0855607159795321,-0.0194824618300885,-0.5340526449479,-0.239355382968545,-0.00603372
-0.155307226348068,-0.208044513777517,0.0557272051676396,0.0340301390773046,0.125929410848045,-0.39536145625385,0.0466294087926526,-0.0816716639806055,0.000442375
0.185423489976877,0.152627989347554,-0.086111105584023,0.177114085991563,0.138786642947891,-0.106320310476375,-0.267319944610465,-0.0104961761315181,0.004984867
0.0685650446013693,-0.066431629077724,-0.076095673917659,-0.0735432996768886,-0.011853053312993,-0.000862138879334728,-0.114316001104173,-0.200653075225998,8.92e-05
-0.0692454209451415,0.00613563659062777,-0.0800395738786829,0.0310778299700432,0.07782432203237,-0.145149557021652,-0.0722905656509499,-0.114202396682367,0.006881187
-0.0895413557586253,-0.154900028486549,-0.114741773771034,-0.128399934336019,-0.105668621494924,-0.141901204047537,0.196580980946149,-0.265031176926146,0.002830117
-0.523835812359618,-0.546982011043302,-0.158957580156578,-0.184373158614711,-0.162682175635357,-0.0781239519151063,-0.125657761783278,-0.291230917005576,-0.010151847
0.056211454117983,0.0699287365782848,-0.0884187609320142,0.0410973742423146,0.205779001457199,-0.545327076271089,0.152808212416158,-0.0841208945948473,0.014253551
-0.173788778499089,-0.0999164460752263,0.011044541049247,0.0745737295836617,0.25136830749431,-0.0862570750193529,-0.0029828377682698,-0.0199785444822653,0.000465516
-0.0330848950985067,-0.00985183735650341,-0.0551406524513367,-0.158363025844283,0.0149626805168732,0.287975061414445,-0.0845117476651038,-0.250979678004278,0.005992172
0.451580954747532,0.374646958553183,0.196480253132954,0.255192254957122,0.415603860532808,-0.0965439290521872,0.17150176408744,0.126121497723259,0.010736761
-0.0785879660365045,-0.133017593567975,-0.051163546469559,-0.0074931272622093,0.0835748430015952,0.407621054820978,-0.175352683606192,-0.176787926653171,0.004165555
-0.0165733221094642,-0.147693723693943,-0.149646096558868,-0.0693309631803999,-0.0396780259148853,0.101298627523724,-0.0728083103412064,-0.194206960150896,0.003128196
0.0774796688219084,0.00616007860638601,-0.246877843041272,0.0395770884465576,0.124503712469272,-0.167396019210884,-0.314906264732853,-0.0569898865469005,-0.001644294
-0.262216019710252,-0.264976831666856,-0.0438008289827629,-0.24035736403327,-0.146967706870265,0.153000043348265,-0.094238935111344,-0.33978837303103,-0.002221212
-0.154647023874235,-0.213983146642016,-0.18435232488301,-0.0499373176407394,0.0371764339218057,-0.0402673147194993,-0.189969340109452,-0.216328838197723,-0.007652558
-0.167576980144436,-0.272898095096125,-0.308752369884018,-0.0295689566518875,-0.0172201567591016,-0.346441242196697,-0.28339119609955,-0.202482657382504,-0.011377315
0.0458321276472573,-0.0169802945986987,-0.134885726763834,0.0881797932145325,0.119695870542296,0.0915924486193891,-0.262779707556704,-0.0369542123964026,-0.001439076
-0.509511083822254,-0.470334827990474,-0.11379256433691,0.0247005195139527,-0.419071110748923,0.420172746015351,-0.0845117476651038,-0.394881276669161,-0.001827509
-0.412834025935225,-0.490928289197672,-0.349662040667851,-0.370522224551047,-0.293397514489629,-0.247813972778239,-0.499712302668915,-0.502666981911266,-0.015299989
0.153011720522856,-0.0906571522442334,0.126569755101683,0.256166233537681,0.299343853080553,-0.0965439290521872,0.329712174992333,0.0190940746798092,0.005590222
-0.0699908782238344,-0.0476720312700682,-0.237283276485691,0.0870413311772678,0.18277608059027,-0.00811232202597867,-0.149828774823171,-0.0596598505250004,0.000366897
-0.280469742843314,-0.340822715876361,-0.11501740331462,-0.139810452945241,-0.0583367592857007,-0.168110455212032,-0.365254751247681,-0.257825916536084,-0.009088137
-0.537551741382759,-0.461126824623454,-0.137521136627086,-0.460181973483009,-0.356388223672041,0.0569720938625959,-0.163937734154133,-0.504608406678583,0.000543172
0.249904332321796,0.0348223078403793,-0.214321492538219,-0.0849382002655819,-0.0352126080221234,-0.43387771059518,-0.135409243481911,-0.252486575498971,-0.004997913
0.135349627004129,0.120795441824129,0.23378783720869,0.412927378864458,0.431687327765524,-0.00484745713265344,0.322632619034144,0.229658461166684,0.015463595
0.127976573120218,0.0971271210786671,0.0927164615846949,0.177080315841306,0.459877608469913,0.224154344609646,-0.0401955631214745,0.17068336396231,0.011647698
-0.0693967630911317,-0.0415405492825605,-0.0726143259972057,-0.0850481734158861,-0.0309550299714717,-0.0792924656945402,-0.0261712171524154,-0.180762180204512,0.002133719
0.141649668885114,0.025943176381636,-0.136205160496148,-0.0422629746121438,0.125331229292581,-0.116067482637838,-0.136740327100602,-0.160495294458212,0.002951206
-0.0151183484526423,0.0022122776011273,-0.106618954812118,0.0629324452856168,0.168252591568421,-0.142629197014892,-0.136901274397596,-0.0168760383990432,0.001068524
-0.0893988577884208,-0.220299762061023,-0.0547556191812199,-0.126446567480794,-0.00316791214587431,0.063844508653683,-0.372084428324365,-0.130218244740616,-0.007649549
-0.460154559748633,-0.429546315828526,-0.0524640612509517,-0.0896774697239551,0.0870036106988934,-0.00306416985793367,-0.158486301127309,-0.117484154759826,0.000968207
-0.320952081927748,-0.302607295107546,-0.0174268654517807,0.0486066407248169,0.0591056868070055,-0.225728707752578,0.0310568610122421,-0.145546309940007,-0.000892236
0.32567360616533,0.153621759622692,-0.114228026396895,-1.68041993030554e-05,0.198518036868802,0.0465816732041719,0.109407304055931,-0.0591324864626034,0.005150131
-0.0217488270392803,-0.0352124520512938,-0.100167038027189,-0.0645715107104575,0.14115140609379,-0.0567826007854103,-0.178968838022569,-0.106474053286781,0.002970905
-0.284871290900396,-0.37397544519486,-0.198776638657595,-0.0877139844043372,0.0136536851795925,-0.108681926825997,-0.301796582915646,-0.210244351592119,-0.005433699
-0.302507995535185,-0.297767171681517,-0.0144528389859299,-0.0389258044098317,0.0391789896328132,-0.0939211485834273,-0.226379386083732,-0.147454660090514,-0.005280788
-0.267192835656466,-0.269107046727026,-0.101375812206057,-0.167136561203752,0.012631834489635,-0.109505266276949,0.0851377709372296,-0.218979520157568,0.003626423
-0.056841144185355,-0.27349231125406,-0.0735070395296149,0.0333250276855923,0.106773524422722,-0.249134478594916,-0.264773383332684,-0.0927903109601763,-0.003564993
0.261849413375351,0.110769704651315,-0.0169654061437206,0.091956244956269,0.2361210123227,0.171602457492934,0.154168775554548,0.0249237520898311,0.009468899
0.0938795154730496,0.0455847910360887,-0.0599915530146027,-0.0850707647298153,0.143783872891346,-0.13812396821212,-0.0208295927863377,-0.137783614515479,0.00132698
0.128976635921491,0.0488463163529775,-0.141858240887891,-0.0855146831499028,0.0827519106009429,-0.213397133693795,-0.0807877566896451,-0.141979982416767,-0.000207937
-0.0402831545220159,-0.0401370164368401,-0.105027968896331,-0.282302029368564,0.0833010711722297,-0.0965439290521872,-0.254909882859371,-0.154149110988911,-0.002474851
-0.0308942689992509,-0.0789741061177146,-0.11501740331462,-0.0594828576858293,0.00312389407936831,0.0367626509126959,-0.0845117476651038,-0.258477638395715,-0.002416689
-0.0318145817326613,-0.0810850545674207,-0.102442009256521,-0.0559509744404715,0.0427366157495195,-0.206450110816558,-0.0249402856966678,-0.153708438328195,-0.000195527
0.0121939302375837,-0.146049623140807,-0.098567359179643,0.000658670695456998,0.0427366157495195,-0.00644939983695636,0.141602390744845,-0.124109021221708,0.007861466
-0.0280139496744897,0.00524561269054491,-0.139633861542832,-0.2695259134592,-0.0380114646328722,-0.29783607985619,0.00230225868373757,-0.315961961117974,0.00331358
-0.239153321739381,-0.159855023991052,-0.11812948919387,-0.0594828576858293,-0.185134223905942,0.197233827302679,0.0758946494450734,-0.26360793266374,0.002789387
0.314584580333528,0.103196845160575,0.0684851671021232,0.135832943901256,0.406790279441295,-0.0965439290521872,-0.0845117476651038,0.00897785097694537,0.00816767
0.0864350219967995,0.0334007861027079,-0.136446214025982,-0.0965213618036849,0.0427366157495195,-0.0965439290521872,0.00177745862976986,-0.0437826534699981,0.004238755
0.0836802747196181,0.0413066289401365,-0.0335584025242317,-0.151261966611799,0.137393377932727,-0.126416551863011,0.101357729092292,-0.16677370603524,-0.001180117
0.0550558100657745,-0.0118937762297091,-0.149677394375089,0.0478519434658569,-0.0342151061329988,0.158665118068326,-0.207395731457352,-0.168015764922886,-0.002646026
-0.170889672925072,-0.288202584663851,-0.145132866650655,-0.146059835817761,-0.0688270406520732,-0.0773694001883272,-0.21071695466973,-0.251585343977871,-0.00681971
-0.251305112529061,-0.369889884024847,-0.137479987908833,-0.295856673946809,-0.0464768198274721,-0.148198781980908,-0.0675331764027768,-0.32726876745205,-0.00670868
-0.0977019834962647,-0.0664480640401963,-0.0543752830299522,0.160664644004206,0.226124973568235,-0.0965439290521872,-0.0129035461907097,0.0608529707181493,0.004772614
0.00592749622458544,0.0119960657958778,0.0312337364298523,0.266894789213695,0.158467284076166,-0.0929320989497711,0.205114281846344,0.0912121373210102,0.011872228
0.0941596776139342,0.0900544434300499,-0.142943226413752,-0.043396008982896,-0.0417057483942537,0.0340817205505781,-0.302349128399918,-0.163652642951459,-0.002109322
-0.206936185146965,-0.136536704278307,0.00497809788932679,-0.0579839590528213,-0.0262291179547982,-0.250625422519104,-0.0319468908941725,-0.170449683853876,0.00023762
-0.288735097821121,-0.251651303663741,-0.0925847139247492,-0.0534894198424777,-0.00931117166353534,-0.0900291173010053,-0.164022024499385,-0.194367016438507,-0.004536707
-0.143660117775602,-0.0363972261581841,-0.11501740331462,0.105791277035395,0.266104011533418,-0.0690782139615744,-0.00979517395101237,0.0324866360897358,0.002405877
-0.0434748498287542,-0.12044467461785,-0.280838501604735,-0.212826855605056,-0.209254222101087,-0.0317610616404719,-0.292415652319293,-0.341059657036766,0.001085768
-0.323374135709593,-0.427374375646783,-0.136150719583929,-0.20851664138728,-0.306740162761081,-0.300914442442946,-0.205303467599058,-0.33144918496402,-0.010442022
0.0971678715216953,-0.0913282015819478,-0.075700822364392,0.0378642103516238,0.134581376774029,-0.378067531116976,-0.18968352137521,-0.0123737475545865,-0.006853521
-0.22017237862804,-0.165953733174208,-0.0201075013933971,-0.0458733613254751,0.19568604306192,0.0260758753311776,-0.0123658934741745,-0.0855325385741135,-0.001144755
-0.0628345523924131,-0.0357592733601302,-0.110722149078006,-0.0817721992548857,-0.0412976396652923,0.108816117509992,-0.261246840535876,-0.227120398622325,-0.000885489
0.13654008356206,-0.0274958540837774,-0.0463210289586836,0.113675537762235,0.207567630125889,-0.203861554076226,-0.0845117476651038,-0.0347999086236029,0.005018525
-0.266147423581423,-0.247428856414305,-0.0784554705467653,0.0115616305961084,0.0296663506648858,0.0351274515554931,-0.248107288178813,-0.124175274029285,-0.001148903
-0.485971913505211,-0.502343983915621,-0.408811569890959,-0.192539747862245,-0.226070169743861,-0.299911907478308,-0.425931117175022,-0.3381801974691,-0.009911919
-0.0353094035401694,-0.181674093118663,0.00947788881860978,-0.123665193923875,-0.0171931448081775,-0.309418403194795,-0.115892577378256,-0.203045650885975,-0.005788719
0.316316376692447,0.294646838123648,0.154998659200901,0.209671925596253,0.348179462988719,-0.0326699693668976,0.237247485345117,0.103155163945878,0.006223865
0.0621372348774374,0.0678357986028837,-0.159481488312117,-0.0609835535594044,0.177317954478547,0.219384226656071,-0.377439279372291,-0.129381522532156,0.003631322
-0.424671894230245,-0.38635201868065,-0.0766661944540009,-0.0344568579051645,-0.0106002123976333,-0.141125806470475,-0.064893348316999,-0.207084292913674,0.000476055
0.322275780568466,0.0648207761407251,-0.0680446491155995,-0.00328274975793874,0.0875115304887695,0.0949871702656369,-0.469782208742643,-0.109645090804626,-0.003184935
-0.145896916571891,0.00648001542016008,-0.0135605821178533,0.107626493295735,0.211989429424658,-0.0143188336804074,-0.0603049137786101,-0.0154699528887817,-0.00334572
0.0302498945503584,-0.0115108405249873,-0.0469075816749867,0.038014962890397,0.169007518529247,-0.0224047491718139,0.0215390733607708,-0.0885999848730237,-0.004498994
0.0221285014063346,-0.120939590365629,-0.160515800406503,-0.0652265150351575,-0.0794479305079138,-0.12713089832013,-0.490755611942551,-0.209511255127245,-0.014248555
-0.320772682396506,-0.354738337807823,-0.10279804434152,-0.0119688853086259,-0.0590548016177649,-0.117099405953261,0.010527401698085,-0.221911854230083,-0.014759632
0.0215078689948534,-0.016555564665707,-0.0254420584131743,0.0160646168371175,0.177814898285548,0.104767796076866,0.222815237348301,-0.075706684458601,0.003930882
-0.0895050488921666,-0.0814505301478614,-0.0761659839154341,0.00241367610928478,0.0339495139789128,-0.0965439290521872,0.121586918927258,-0.154399673652273,0.013448054
0.00357691253223757,-0.076182191238691,-0.16786328487592,-0.0511991063257226,-0.0295971468075185,-0.0612971421673467,-0.140030506712651,-0.166801135871415,-0.001430447
0.0797081876398329,0.0587849579367479,-0.013279342126753,-0.0248830652383589,0.194008543842032,0.00584954437713958,0.227807782719007,-0.0369109530071926,0.003038986
0.0905537851574192,0.0865971122076721,-0.0649328894251578,-0.0808026239137164,0.0493000252390539,-0.0496308623458156,-0.055853489303227,-0.16732996723153,0.001038585
-0.0485031907232097,-0.103649232880051,-0.0836558824188505,-0.00786416757729858,0.0289820922939772,-0.0863667127302052,0.0111679097169137,-0.147442231215722,0.006937873
-0.250699530464995,-0.233719453874075,-0.45331031244941,-0.315389443878773,-0.17174011977023,-0.072231238360899,-0.287530705495399,-0.375078851068945,-0.000957736
-0.161911340141717,-0.295616155591851,-0.11501740331462,-0.0679779106194165,-0.0142758160633757,-0.417463036201855,-0.292798903076252,-0.251645710332247,-0.014296931
